{
  "admin": {
    "x": 8.41773,
    "y": 2.31483
  },
  "user1": {
    "x": 15.0,
    "y": 75.0
  }
}